[{ 
    "id":1,
    "name" :"samsung",
    "description":"this is a phone",
    "price":"20000"
  },{ 
    "id":2,
    "name" :"oppo",
    "description":"this is a phone",
    "price":"10000"
  },{
    "id":3,
    "name" :"vivo",
    "description":"this is a phone",
    "price":"25000"
  },
  {
    "id":4,
    "name" :"redmi",
    "description":"this is a phone",
    "price":"15000"
  },
  {
    "id":5,
    "name" :"apple",
    "description":"this is a phone",
    "price":"50000"
  },
  {
    "id":6,
    "name" :"oneplus",
    "description":"this is a phone",
    "price":"30000"
  }
]